"USUBJID","SUBJID","SITEID","COUNTRY","SEX","AGE","AGEU","RACE","ETHNIC","WEIGHT","HEIGHT","FORMULATION","DOSE_MG","ELIGIBLE","BASELINE_DATE","DOSE_DTC"
"2020-001407-17-00-P001","001","01","GBR","F","50","YEARS","WHITE","HISPANIC OR LATINO","83.7","194.7","Solution","50","Y","2025-10-16","2025-10-16T08:41"
"2020-001407-17-00-P002","002","01","GBR","M","22","YEARS","WHITE","HISPANIC OR LATINO","80.9","156.4","Solution","50","Y","2025-06-30","2025-06-30T09:45"
"2020-001407-17-00-P003","003","01","GBR","M","42","YEARS","WHITE","HISPANIC OR LATINO","66","187.1","Solution","50","Y","2025-12-27","2025-12-27T10:45"
"2020-001407-17-00-P004","004","01","GBR","M","27","YEARS","ASIAN","NOT HISPANIC OR LATINO","62.1","155.4","Solution","50","Y","2025-06-23","2025-06-23T10:51"
"2020-001407-17-00-P005","005","01","GBR","F","30","YEARS","ASIAN","NOT HISPANIC OR LATINO","91.9","185.1","Solution","50","Y","2026-01-07","2026-01-07T08:52"
"2020-001407-17-00-P006","006","01","GBR","F","45","YEARS","WHITE","NOT HISPANIC OR LATINO","66.6","170.4","Solution","50","N","2025-11-09","2025-11-09T10:56"
"2020-001407-17-00-P007","007","01","GBR","F","23","YEARS","WHITE","NOT HISPANIC OR LATINO","57.6","181.8","Solution","50","Y","2025-12-05","2025-12-05T09:48"
"2020-001407-17-00-P008","008","01","GBR","F","47","YEARS","WHITE","NOT HISPANIC OR LATINO","84.5","188","Solution","50","Y","2025-01-19","2025-01-19T10:46"
"2020-001407-17-00-P009","009","01","GBR","F","43","YEARS","WHITE","NOT HISPANIC OR LATINO","78.5","163.4","Solution","50","Y","2025-10-15","2025-10-15T09:39"
"2020-001407-17-00-P010","010","01","GBR","M","20","YEARS","WHITE","HISPANIC OR LATINO","70.6","175.8","Solution","50","Y","2025-10-05","2025-10-05T08:02"
"2020-001407-17-00-P011","011","01","GBR","F","18","YEARS","WHITE","HISPANIC OR LATINO","77.1","166","Solution","50","Y","2025-05-15","2025-05-15T09:16"
"2020-001407-17-00-P012","012","01","GBR","F","50","YEARS","AMERICAN INDIAN OR ALASKA NATIVE","HISPANIC OR LATINO","69.9","177","Solution","50","Y","2025-10-04","2025-10-04T08:39"
"2020-001407-17-00-P013","013","01","GBR","F","24","YEARS","OTHER","HISPANIC OR LATINO","94.2","182.1","Solution","50","Y","2025-05-20","2025-05-20T09:04"
"2020-001407-17-00-P014","014","01","GBR","F","46","YEARS","ASIAN","NOT HISPANIC OR LATINO","86.6","168.8","Solution","50","Y","2025-07-18","2025-07-18T09:32"
"2020-001407-17-00-P015","015","01","GBR","F","39","YEARS","BLACK OR AFRICAN AMERICAN","NOT HISPANIC OR LATINO","65.3","175.7","Solution","50","Y","2025-12-11","2025-12-11T10:39"
"2020-001407-17-00-P016","016","01","GBR","M","30","YEARS","AMERICAN INDIAN OR ALASKA NATIVE","NOT HISPANIC OR LATINO","83.3","161.1","Solution","50","Y","2025-04-12","2025-04-12T10:07"
"2020-001407-17-00-P017","017","01","GBR","M","40","YEARS","ASIAN","NOT HISPANIC OR LATINO","61.3","164.3","Solution","50","Y","2025-07-03","2025-07-03T09:09"
"2020-001407-17-00-P018","018","01","GBR","M","33","YEARS","ASIAN","NOT HISPANIC OR LATINO","83.2","185","Solution","50","Y","2025-04-26","2025-04-26T09:01"
"2020-001407-17-00-P019","019","01","GBR","M","41","YEARS","WHITE","NOT HISPANIC OR LATINO","90.6","192.6","Solution","50","Y","2025-06-27","2025-06-27T10:04"
"2020-001407-17-00-P020","020","01","GBR","M","18","YEARS","WHITE","NOT HISPANIC OR LATINO","80.7","187.5","Solution","50","Y","2025-09-21","2025-09-21T10:40"
"2020-001407-17-00-P021","021","01","GBR","F","25","YEARS","WHITE","HISPANIC OR LATINO","83.9","159","Solution","50","Y","2025-10-29","2025-10-29T08:55"
"2020-001407-17-00-P022","022","01","GBR","M","22","YEARS","AMERICAN INDIAN OR ALASKA NATIVE","HISPANIC OR LATINO","82.6","185.5","Solution","50","Y","2025-12-20","2025-12-20T08:49"
"2020-001407-17-00-P023","023","01","GBR","M","26","YEARS","AMERICAN INDIAN OR ALASKA NATIVE","NOT HISPANIC OR LATINO","72.4","159.8","Solution","50","Y","2025-02-27","2025-02-27T10:29"
"2020-001407-17-00-P024","024","01","GBR","M","44","YEARS","AMERICAN INDIAN OR ALASKA NATIVE","HISPANIC OR LATINO","58.8","161.4","Solution","50","Y","2025-09-10","2025-09-10T08:24"
"2020-001407-17-00-P025","025","01","GBR","M","39","YEARS","OTHER","NOT HISPANIC OR LATINO","72.5","178.4","Solution","50","Y","2025-12-18","2025-12-18T10:45"
"2020-001407-17-00-P026","026","01","GBR","F","40","YEARS","AMERICAN INDIAN OR ALASKA NATIVE","NOT HISPANIC OR LATINO","64.6","163.6","Solution","50","Y","2025-12-08","2025-12-08T10:25"
"2020-001407-17-00-P027","027","01","GBR","F","23","YEARS","OTHER","NOT HISPANIC OR LATINO","65","194.2","Solution","50","N","2025-04-04","2025-04-04T10:33"
"2020-001407-17-00-P028","028","01","GBR","F","30","YEARS","BLACK OR AFRICAN AMERICAN","HISPANIC OR LATINO","64.2","191.2","Solution","50","Y","2025-02-16","2025-02-16T09:18"
"2020-001407-17-00-P029","029","01","GBR","M","39","YEARS","WHITE","NOT HISPANIC OR LATINO","63.6","156.4","Solution","50","Y","2025-08-29","2025-08-29T10:22"
"2020-001407-17-00-P030","030","01","GBR","M","27","YEARS","BLACK OR AFRICAN AMERICAN","NOT HISPANIC OR LATINO","58.5","172.2","Solution","50","Y","2025-03-31","2025-03-31T10:32"
"2020-001407-17-00-P031","031","01","GBR","M","27","YEARS","WHITE","NOT HISPANIC OR LATINO","91.8","173.7","Solution","50","Y","2025-11-15","2025-11-15T08:01"
"2020-001407-17-00-P032","032","01","GBR","M","20","YEARS","WHITE","NOT HISPANIC OR LATINO","64.6","186.4","Solution","50","N","2025-04-28","2025-04-28T10:09"
"2020-001407-17-00-P033","033","01","GBR","F","18","YEARS","BLACK OR AFRICAN AMERICAN","NOT HISPANIC OR LATINO","63.4","192.9","Solution","50","Y","2025-03-17","2025-03-17T10:44"
"2020-001407-17-00-P034","034","01","GBR","F","50","YEARS","WHITE","NOT HISPANIC OR LATINO","63.6","170.7","Solution","50","Y","2025-07-08","2025-07-08T08:17"
"2020-001407-17-00-P035","035","01","GBR","F","24","YEARS","WHITE","NOT HISPANIC OR LATINO","74","187.8","Solution","50","Y","2025-09-25","2025-09-25T09:08"
"2020-001407-17-00-P036","036","01","GBR","F","23","YEARS","AMERICAN INDIAN OR ALASKA NATIVE","HISPANIC OR LATINO","88.6","170.1","Solution","50","Y","2025-03-10","2025-03-10T09:35"
"2020-001407-17-00-P037","037","01","GBR","F","46","YEARS","ASIAN","HISPANIC OR LATINO","80","182.2","Solution","50","Y","2025-02-10","2025-02-10T09:39"
"2020-001407-17-00-P038","038","01","GBR","F","47","YEARS","WHITE","HISPANIC OR LATINO","84.5","193.8","Solution","50","Y","2025-12-29","2025-12-29T08:33"
"2020-001407-17-00-P039","039","01","GBR","M","26","YEARS","WHITE","NOT HISPANIC OR LATINO","77.3","188","Solution","50","Y","2025-04-14","2025-04-14T08:50"
"2020-001407-17-00-P040","040","01","GBR","F","41","YEARS","AMERICAN INDIAN OR ALASKA NATIVE","HISPANIC OR LATINO","58.8","192.4","Solution","50","Y","2025-10-04","2025-10-04T10:19"
"2020-001407-17-00-P041","041","01","GBR","F","49","YEARS","AMERICAN INDIAN OR ALASKA NATIVE","NOT HISPANIC OR LATINO","78.3","183.4","Solution","50","Y","2025-03-09","2025-03-09T10:32"
"2020-001407-17-00-P042","042","01","GBR","F","36","YEARS","BLACK OR AFRICAN AMERICAN","NOT HISPANIC OR LATINO","80","178.5","Solution","50","Y","2025-08-27","2025-08-27T09:51"
"2020-001407-17-00-P043","043","01","GBR","F","24","YEARS","WHITE","NOT HISPANIC OR LATINO","66.6","158.1","Solution","50","N","2025-11-01","2025-11-01T09:51"
"2020-001407-17-00-P044","044","01","GBR","F","35","YEARS","ASIAN","HISPANIC OR LATINO","59.3","182.7","Solution","50","Y","2025-11-06","2025-11-06T08:46"
"2020-001407-17-00-P045","045","01","GBR","F","21","YEARS","WHITE","HISPANIC OR LATINO","56.3","180.5","Solution","50","Y","2025-06-09","2025-06-09T08:14"
"2020-001407-17-00-P046","046","01","GBR","F","23","YEARS","ASIAN","HISPANIC OR LATINO","56.5","188.4","Solution","50","Y","2025-04-19","2025-04-19T09:39"
"2020-001407-17-00-P047","047","01","GBR","F","48","YEARS","WHITE","NOT HISPANIC OR LATINO","80.4","176.2","Solution","50","N","2025-04-05","2025-04-05T10:24"
"2020-001407-17-00-P048","048","01","GBR","F","18","YEARS","BLACK OR AFRICAN AMERICAN","HISPANIC OR LATINO","69.7","192.5","Solution","50","Y","2025-02-28","2025-02-28T09:23"
"2020-001407-17-00-P049","049","01","GBR","F","34","YEARS","ASIAN","NOT HISPANIC OR LATINO","93.7","193.3","Solution","50","Y","2025-06-13","2025-06-13T09:24"
"2020-001407-17-00-P050","050","01","GBR","M","36","YEARS","WHITE","NOT HISPANIC OR LATINO","76.4","184.6","Solution","50","Y","2025-05-20","2025-05-20T09:24"
"2020-001407-17-00-P051","051","01","GBR","F","25","YEARS","WHITE","NOT HISPANIC OR LATINO","68.2","155.6","Solution","50","Y","2025-02-14","2025-02-14T08:31"
"2020-001407-17-00-P052","052","01","GBR","F","29","YEARS","WHITE","NOT HISPANIC OR LATINO","61.8","171.7","Solution","50","Y","2025-10-22","2025-10-22T10:20"
"2020-001407-17-00-P053","053","01","GBR","M","51","YEARS","AMERICAN INDIAN OR ALASKA NATIVE","HISPANIC OR LATINO","78.9","174.2","Solution","50","Y","2025-09-15","2025-09-15T10:15"
"2020-001407-17-00-P054","054","01","GBR","M","28","YEARS","ASIAN","NOT HISPANIC OR LATINO","74.3","163.2","Solution","50","Y","2025-12-08","2025-12-08T10:12"
"2020-001407-17-00-P055","055","01","GBR","M","46","YEARS","WHITE","NOT HISPANIC OR LATINO","70.9","193.5","Solution","50","Y","2025-07-05","2025-07-05T09:58"
"2020-001407-17-00-P056","056","01","GBR","F","47","YEARS","WHITE","NOT HISPANIC OR LATINO","56.5","168.3","Solution","50","Y","2025-09-15","2025-09-15T10:36"
"2020-001407-17-00-P057","057","01","GBR","F","27","YEARS","AMERICAN INDIAN OR ALASKA NATIVE","HISPANIC OR LATINO","91","189.5","Solution","50","Y","2025-03-12","2025-03-12T09:30"
"2020-001407-17-00-P058","058","01","GBR","M","18","YEARS","BLACK OR AFRICAN AMERICAN","NOT HISPANIC OR LATINO","65.9","166.1","Solution","50","Y","2025-03-31","2025-03-31T10:59"
"2020-001407-17-00-P059","059","01","GBR","F","30","YEARS","BLACK OR AFRICAN AMERICAN","NOT HISPANIC OR LATINO","60.5","181.1","Solution","50","Y","2025-08-27","2025-08-27T08:05"
"2020-001407-17-00-P060","060","01","GBR","F","33","YEARS","ASIAN","HISPANIC OR LATINO","79.3","188.1","Solution","50","Y","2025-12-24","2025-12-24T09:38"
"2020-001407-17-00-P061","061","01","GBR","M","48","YEARS","WHITE","NOT HISPANIC OR LATINO","61","183.9","Solution","50","Y","2025-11-15","2025-11-15T10:55"
"2020-001407-17-00-P062","062","01","GBR","M","54","YEARS","AMERICAN INDIAN OR ALASKA NATIVE","HISPANIC OR LATINO","68.2","159.5","Solution","50","Y","2025-09-05","2025-09-05T09:29"
"2020-001407-17-00-P063","063","01","GBR","F","51","YEARS","WHITE","NOT HISPANIC OR LATINO","67.3","190.6","Solution","50","Y","2025-01-21","2025-01-21T10:34"
"2020-001407-17-00-P064","064","01","GBR","F","40","YEARS","WHITE","HISPANIC OR LATINO","92.7","182.9","Solution","50","Y","2025-06-19","2025-06-19T09:37"
"2020-001407-17-00-P065","065","01","GBR","M","28","YEARS","OTHER","NOT HISPANIC OR LATINO","60","175.2","Solution","50","Y","2025-05-24","2025-05-24T09:58"
"2020-001407-17-00-P066","066","01","GBR","F","40","YEARS","OTHER","NOT HISPANIC OR LATINO","61.3","170.2","Solution","50","Y","2025-05-17","2025-05-17T08:18"
"2020-001407-17-00-P067","067","01","GBR","F","33","YEARS","WHITE","NOT HISPANIC OR LATINO","59.2","174.3","Solution","50","Y","2025-10-25","2025-10-25T09:51"
"2020-001407-17-00-P068","068","01","GBR","M","46","YEARS","AMERICAN INDIAN OR ALASKA NATIVE","NOT HISPANIC OR LATINO","70.1","187.8","Solution","50","Y","2025-03-11","2025-03-11T09:50"
"2020-001407-17-00-P069","069","01","GBR","F","37","YEARS","OTHER","NOT HISPANIC OR LATINO","75","160.5","Solution","50","Y","2025-02-10","2025-02-10T10:07"
"2020-001407-17-00-P070","070","01","GBR","F","30","YEARS","WHITE","NOT HISPANIC OR LATINO","92.1","190.2","Solution","50","Y","2025-09-24","2025-09-24T08:28"
"2020-001407-17-00-P071","071","01","GBR","M","45","YEARS","WHITE","NOT HISPANIC OR LATINO","72.3","158.6","Solution","50","Y","2025-03-06","2025-03-06T10:17"
"2020-001407-17-00-P072","072","01","GBR","M","19","YEARS","BLACK OR AFRICAN AMERICAN","NOT HISPANIC OR LATINO","56.7","176.6","Solution","50","N","2025-05-06","2025-05-06T10:22"
"2020-001407-17-00-P073","073","01","GBR","F","49","YEARS","BLACK OR AFRICAN AMERICAN","NOT HISPANIC OR LATINO","92.6","194.9","Solution","50","Y","2025-11-04","2025-11-04T10:02"
"2020-001407-17-00-P074","074","01","GBR","M","41","YEARS","ASIAN","NOT HISPANIC OR LATINO","69.9","191.8","Solution","50","Y","2025-11-15","2025-11-15T08:45"
"2020-001407-17-00-P075","075","01","GBR","M","54","YEARS","WHITE","NOT HISPANIC OR LATINO","75.4","187.2","Solution","50","Y","2025-08-16","2025-08-16T10:02"
"2020-001407-17-00-P076","076","01","GBR","M","38","YEARS","AMERICAN INDIAN OR ALASKA NATIVE","HISPANIC OR LATINO","85.8","179.5","Solution","50","Y","2025-07-24","2025-07-24T09:18"
"2020-001407-17-00-P077","077","01","GBR","M","43","YEARS","AMERICAN INDIAN OR ALASKA NATIVE","NOT HISPANIC OR LATINO","65.6","178.8","Solution","50","Y","2026-01-01","2026-01-01T08:24"
"2020-001407-17-00-P078","078","01","GBR","M","43","YEARS","ASIAN","NOT HISPANIC OR LATINO","56","186.3","Solution","50","Y","2025-05-03","2025-05-03T09:23"
"2020-001407-17-00-P079","079","01","GBR","F","47","YEARS","OTHER","NOT HISPANIC OR LATINO","64","161.6","Solution","50","Y","2026-01-02","2026-01-02T08:34"
"2020-001407-17-00-P080","080","01","GBR","M","24","YEARS","AMERICAN INDIAN OR ALASKA NATIVE","HISPANIC OR LATINO","85.5","181.6","Solution","50","Y","2025-04-04","2025-04-04T08:05"
"2020-001407-17-00-P081","081","01","GBR","F","32","YEARS","ASIAN","HISPANIC OR LATINO","65.6","173.2","Solution","50","Y","2025-10-09","2025-10-09T08:26"
"2020-001407-17-00-P082","082","01","GBR","M","54","YEARS","WHITE","NOT HISPANIC OR LATINO","91.1","167.9","Solution","50","Y","2025-03-13","2025-03-13T10:55"
"2020-001407-17-00-P083","083","01","GBR","M","20","YEARS","WHITE","NOT HISPANIC OR LATINO","94.4","168.7","Solution","50","Y","2025-03-25","2025-03-25T10:44"
"2020-001407-17-00-P084","084","01","GBR","F","45","YEARS","ASIAN","HISPANIC OR LATINO","67.9","185.4","Solution","50","Y","2025-06-23","2025-06-23T08:22"
"2020-001407-17-00-P085","085","01","GBR","M","23","YEARS","WHITE","NOT HISPANIC OR LATINO","93.7","189.4","Solution","50","Y","2025-01-24","2025-01-24T09:46"
"2020-001407-17-00-P086","086","01","GBR","M","54","YEARS","BLACK OR AFRICAN AMERICAN","NOT HISPANIC OR LATINO","66.6","174.4","Solution","50","Y","2025-02-09","2025-02-09T09:17"
"2020-001407-17-00-P087","087","01","GBR","F","46","YEARS","BLACK OR AFRICAN AMERICAN","NOT HISPANIC OR LATINO","73.9","181.1","Solution","50","Y","2025-07-29","2025-07-29T10:02"
"2020-001407-17-00-P088","088","01","GBR","F","41","YEARS","WHITE","NOT HISPANIC OR LATINO","56.4","187.9","Solution","50","Y","2025-12-18","2025-12-18T09:53"
"2020-001407-17-00-P089","089","01","GBR","M","45","YEARS","BLACK OR AFRICAN AMERICAN","NOT HISPANIC OR LATINO","61.4","162.7","Solution","50","Y","2025-01-15","2025-01-15T09:47"
"2020-001407-17-00-P090","090","01","GBR","F","22","YEARS","AMERICAN INDIAN OR ALASKA NATIVE","NOT HISPANIC OR LATINO","88.1","160","Solution","50","Y","2025-12-16","2025-12-16T08:49"
"2020-001407-17-00-P091","091","01","GBR","F","36","YEARS","BLACK OR AFRICAN AMERICAN","HISPANIC OR LATINO","55.9","192","Solution","50","Y","2025-12-22","2025-12-22T08:03"
"2020-001407-17-00-P092","092","01","GBR","M","27","YEARS","WHITE","NOT HISPANIC OR LATINO","65.8","185.5","Solution","50","Y","2025-03-21","2025-03-21T08:42"
"2020-001407-17-00-P093","093","01","GBR","M","50","YEARS","BLACK OR AFRICAN AMERICAN","NOT HISPANIC OR LATINO","65.5","158.3","Solution","50","Y","2025-12-23","2025-12-23T08:31"
"2020-001407-17-00-P094","094","01","GBR","F","38","YEARS","WHITE","NOT HISPANIC OR LATINO","63.3","193.1","Solution","50","Y","2025-11-27","2025-11-27T09:00"
"2020-001407-17-00-P095","095","01","GBR","M","39","YEARS","ASIAN","NOT HISPANIC OR LATINO","90.9","179.3","Solution","50","Y","2025-08-19","2025-08-19T08:54"
"2020-001407-17-00-P096","096","01","GBR","F","21","YEARS","AMERICAN INDIAN OR ALASKA NATIVE","NOT HISPANIC OR LATINO","60.7","189","Solution","50","Y","2025-06-30","2025-06-30T09:05"
"2020-001407-17-00-P097","097","01","GBR","M","33","YEARS","OTHER","NOT HISPANIC OR LATINO","69.5","176.8","Solution","50","Y","2025-02-03","2025-02-03T08:13"
"2020-001407-17-00-P098","098","01","GBR","F","49","YEARS","WHITE","NOT HISPANIC OR LATINO","55.6","192.7","Solution","50","Y","2025-10-17","2025-10-17T08:53"
"2020-001407-17-00-P099","099","01","GBR","F","36","YEARS","ASIAN","NOT HISPANIC OR LATINO","64","186.4","Solution","50","Y","2025-10-03","2025-10-03T10:32"
"2020-001407-17-00-P100","100","01","GBR","F","53","YEARS","OTHER","HISPANIC OR LATINO","65.7","184.1","Solution","50","Y","2025-03-01","2025-03-01T10:35"
